USE ambev_development;

INSERT INTO `kernel` (`id`, `key`, `address`) VALUES (1, 'BR01', '');
INSERT INTO `kernel` (`id`, `key`, `address`) VALUES (2, 'BR02', '');
INSERT INTO `kernel` (`id`, `key`, `address`) VALUES (3, 'BR03', '');
INSERT INTO `kernel` (`id`, `key`, `address`) VALUES (4, 'BR04', '');
INSERT INTO `kernel` (`id`, `key`, `address`) VALUES (5, 'BR05', '');
INSERT INTO `kernel` (`id`, `key`, `address`) VALUES (6, 'BR06', '');
INSERT INTO `kernel` (`id`, `key`, `address`) VALUES (7, 'BR07', '');
INSERT INTO `kernel` (`id`, `key`, `address`) VALUES (8, 'BR08', '');
INSERT INTO `kernel` (`id`, `key`, `address`) VALUES (9, 'BR09', '');
INSERT INTO `kernel` (`id`, `key`, `address`) VALUES (10, 'BR10', '');
INSERT INTO `kernel` (`id`, `key`, `address`) VALUES (11, 'BR11', '');
INSERT INTO `kernel` (`id`, `key`, `address`) VALUES (12, 'BR12', '');
INSERT INTO `kernel` (`id`, `key`, `address`) VALUES (13, 'BR13', '');
INSERT INTO `kernel` (`id`, `key`, `address`) VALUES (14, 'BR14', '');
INSERT INTO `kernel` (`id`, `key`, `address`) VALUES (15, 'BR15', '');
INSERT INTO `kernel` (`id`, `key`, `address`) VALUES (16, 'BR16', '');
INSERT INTO `kernel` (`id`, `key`, `address`) VALUES (17, 'BR17', '');
INSERT INTO `kernel` (`id`, `key`, `address`) VALUES (18, 'BR18', '');
INSERT INTO `kernel` (`id`, `key`, `address`) VALUES (19, 'BR19', '');
INSERT INTO `kernel` (`id`, `key`, `address`) VALUES (20, 'BR20', '');
INSERT INTO `kernel` (`id`, `key`, `address`) VALUES (21, 'BR21', '');
INSERT INTO `kernel` (`id`, `key`, `address`) VALUES (22, 'BR22', '');
INSERT INTO `kernel` (`id`, `key`, `address`) VALUES (23, 'BR23', '');
INSERT INTO `kernel` (`id`, `key`, `address`) VALUES (24, 'BR24', '');
INSERT INTO `kernel` (`id`, `key`, `address`) VALUES (25, 'BR25', '');
INSERT INTO `kernel` (`id`, `key`, `address`) VALUES (26, 'BR26', '');
INSERT INTO `kernel` (`id`, `key`, `address`) VALUES (27, 'BR27', '');
INSERT INTO `kernel` (`id`, `key`, `address`) VALUES (28, 'BR28', '');
INSERT INTO `kernel` (`id`, `key`, `address`) VALUES (29, 'BR29', '');
INSERT INTO `kernel` (`id`, `key`, `address`) VALUES (30, 'BR30', '');
INSERT INTO `kernel` (`id`, `key`, `address`) VALUES (31, 'BR31', '');
INSERT INTO `kernel` (`id`, `key`, `address`) VALUES (32, 'BR32', '');
INSERT INTO `kernel` (`id`, `key`, `address`) VALUES (33, 'BR33', '');
INSERT INTO `kernel` (`id`, `key`, `address`) VALUES (34, 'BR34', '');
INSERT INTO `kernel` (`id`, `key`, `address`) VALUES (35, 'BR35', '');
INSERT INTO `kernel` (`id`, `key`, `address`) VALUES (36, 'BR36', '');
INSERT INTO `kernel` (`id`, `key`, `address`) VALUES (37, 'BR37', '');
INSERT INTO `kernel` (`id`, `key`, `address`) VALUES (38, 'BR38', '');
INSERT INTO `kernel` (`id`, `key`, `address`) VALUES (39, 'BR39', '');
INSERT INTO `kernel` (`id`, `key`, `address`) VALUES (40, 'BR40', '');
INSERT INTO `kernel` (`id`, `key`, `address`) VALUES (41, 'BR41', '');
INSERT INTO `kernel` (`id`, `key`, `address`) VALUES (42, 'BR42', '');
INSERT INTO `kernel` (`id`, `key`, `address`) VALUES (43, 'BR43', '');
INSERT INTO `kernel` (`id`, `key`, `address`) VALUES (44, 'BR44', '');
INSERT INTO `kernel` (`id`, `key`, `address`) VALUES (45, 'BR45', '');
INSERT INTO `kernel` (`id`, `key`, `address`) VALUES (46, 'BR46', '');
INSERT INTO `kernel` (`id`, `key`, `address`) VALUES (47, 'BR47', '');
INSERT INTO `kernel` (`id`, `key`, `address`) VALUES (48, 'BR48', '');
INSERT INTO `kernel` (`id`, `key`, `address`) VALUES (49, 'BR49', '');
INSERT INTO `kernel` (`id`, `key`, `address`) VALUES (50, 'BR50', '');
INSERT INTO `kernel` (`id`, `key`, `address`) VALUES (51, 'BR51', '');
INSERT INTO `kernel` (`id`, `key`, `address`) VALUES (52, 'BR52', '');
INSERT INTO `kernel` (`id`, `key`, `address`) VALUES (53, 'BR53', '');
INSERT INTO `kernel` (`id`, `key`, `address`) VALUES (54, 'BR54', '');
INSERT INTO `kernel` (`id`, `key`, `address`) VALUES (55, 'BR55', '');
INSERT INTO `kernel` (`id`, `key`, `address`) VALUES (56, 'BR56', '');
INSERT INTO `kernel` (`id`, `key`, `address`) VALUES (57, 'BR57', '');
INSERT INTO `kernel` (`id`, `key`, `address`) VALUES (58, 'BR58', '');
INSERT INTO `kernel` (`id`, `key`, `address`) VALUES (59, 'BR59', '');
INSERT INTO `kernel` (`id`, `key`, `address`) VALUES (60, 'BR60', '');

INSERT INTO `cost_center` (`id`, `kernel_id`, `key`, `address`) VALUES(1, 1, 'BR0110T101', '');
INSERT INTO `cost_center` (`id`, `kernel_id`, `key`, `address`) VALUES(2, 1, 'BR0110T103', '');
INSERT INTO `cost_center` (`id`, `kernel_id`, `key`, `address`) VALUES(3, 1, 'BR0110T104', '');
INSERT INTO `cost_center` (`id`, `kernel_id`, `key`, `address`) VALUES(4, 1, 'BR0110T105', '');
INSERT INTO `cost_center` (`id`, `kernel_id`, `key`, `address`) VALUES(5, 1, 'BR0110T107', '');
INSERT INTO `cost_center` (`id`, `kernel_id`, `key`, `address`) VALUES(6, 1, 'BR0110T119', '');
INSERT INTO `cost_center` (`id`, `kernel_id`, `key`, `address`) VALUES(7, 1, 'BR0110T121', '');
INSERT INTO `cost_center` (`id`, `kernel_id`, `key`, `address`) VALUES(8, 1, 'BR0110T158', '');
INSERT INTO `cost_center` (`id`, `kernel_id`, `key`, `address`) VALUES(9, 1, 'BR0110T164', '');
INSERT INTO `cost_center` (`id`, `kernel_id`, `key`, `address`) VALUES(10, 1, 'BR0110T210', '');
INSERT INTO `cost_center` (`id`, `kernel_id`, `key`, `address`) VALUES(11, 1, 'BR0110T212', '');
INSERT INTO `cost_center` (`id`, `kernel_id`, `key`, `address`) VALUES(12, 1, 'BR0110T213', '');
INSERT INTO `cost_center` (`id`, `kernel_id`, `key`, `address`) VALUES(13, 5, 'BR0510T101', '');
INSERT INTO `cost_center` (`id`, `kernel_id`, `key`, `address`) VALUES(14, 5, 'BR0510T103', '');
INSERT INTO `cost_center` (`id`, `kernel_id`, `key`, `address`) VALUES(15, 5, 'BR0510T105', '');
INSERT INTO `cost_center` (`id`, `kernel_id`, `key`, `address`) VALUES(16, 5, 'BR0510T107', '');
INSERT INTO `cost_center` (`id`, `kernel_id`, `key`, `address`) VALUES(17, 5, 'BR0510T108', '');
INSERT INTO `cost_center` (`id`, `kernel_id`, `key`, `address`) VALUES(18, 5, 'BR0510T116', '');
INSERT INTO `cost_center` (`id`, `kernel_id`, `key`, `address`) VALUES(19, 5, 'BR0510T119', '');
INSERT INTO `cost_center` (`id`, `kernel_id`, `key`, `address`) VALUES(20, 5, 'BR0510T121', '');
INSERT INTO `cost_center` (`id`, `kernel_id`, `key`, `address`) VALUES(21, 5, 'BR0510T164', '');
INSERT INTO `cost_center` (`id`, `kernel_id`, `key`, `address`) VALUES(22, 5, 'BR0510T173', '');
INSERT INTO `cost_center` (`id`, `kernel_id`, `key`, `address`) VALUES(23, 5, 'BR0510T206', '');
INSERT INTO `cost_center` (`id`, `kernel_id`, `key`, `address`) VALUES(24, 5, 'BR0510T210', '');
INSERT INTO `cost_center` (`id`, `kernel_id`, `key`, `address`) VALUES(25, 5, 'BR0510T213', '');
INSERT INTO `cost_center` (`id`, `kernel_id`, `key`, `address`) VALUES(26, 12, 'BR1210T101', '');
INSERT INTO `cost_center` (`id`, `kernel_id`, `key`, `address`) VALUES(27, 12, 'BR1210T103', '');
INSERT INTO `cost_center` (`id`, `kernel_id`, `key`, `address`) VALUES(28, 12, 'BR1210T105', '');
INSERT INTO `cost_center` (`id`, `kernel_id`, `key`, `address`) VALUES(29, 12, 'BR1210T106', '');
INSERT INTO `cost_center` (`id`, `kernel_id`, `key`, `address`) VALUES(30, 12, 'BR1210T107', '');
INSERT INTO `cost_center` (`id`, `kernel_id`, `key`, `address`) VALUES(31, 12, 'BR1210T108', '');
INSERT INTO `cost_center` (`id`, `kernel_id`, `key`, `address`) VALUES(32, 12, 'BR1210T116', '');
INSERT INTO `cost_center` (`id`, `kernel_id`, `key`, `address`) VALUES(33, 12, 'BR1210T117', '');
INSERT INTO `cost_center` (`id`, `kernel_id`, `key`, `address`) VALUES(34, 12, 'BR1210T119', '');
INSERT INTO `cost_center` (`id`, `kernel_id`, `key`, `address`) VALUES(35, 12, 'BR1210T120', '');
INSERT INTO `cost_center` (`id`, `kernel_id`, `key`, `address`) VALUES(36, 12, 'BR1210T159', '');
INSERT INTO `cost_center` (`id`, `kernel_id`, `key`, `address`) VALUES(37, 12, 'BR1210T164', '');
INSERT INTO `cost_center` (`id`, `kernel_id`, `key`, `address`) VALUES(38, 12, 'BR1210T171', '');
INSERT INTO `cost_center` (`id`, `kernel_id`, `key`, `address`) VALUES(39, 12, 'BR1210T174', '');
INSERT INTO `cost_center` (`id`, `kernel_id`, `key`, `address`) VALUES(40, 12, 'BR1210T175', '');
INSERT INTO `cost_center` (`id`, `kernel_id`, `key`, `address`) VALUES(41, 12, 'BR1210T210', '');
INSERT INTO `cost_center` (`id`, `kernel_id`, `key`, `address`) VALUES(42, 12, 'BR1210T212', '');
INSERT INTO `cost_center` (`id`, `kernel_id`, `key`, `address`) VALUES(43, 12, 'BR1210T213', '');
INSERT INTO `cost_center` (`id`, `kernel_id`, `key`, `address`) VALUES(44, 46, 'BR4610T101', '');
INSERT INTO `cost_center` (`id`, `kernel_id`, `key`, `address`) VALUES(45, 46, 'BR4610T103', '');
INSERT INTO `cost_center` (`id`, `kernel_id`, `key`, `address`) VALUES(46, 46, 'BR4610T105', '');
INSERT INTO `cost_center` (`id`, `kernel_id`, `key`, `address`) VALUES(47, 46, 'BR4610T106', '');
INSERT INTO `cost_center` (`id`, `kernel_id`, `key`, `address`) VALUES(48, 46, 'BR4610T116', '');
INSERT INTO `cost_center` (`id`, `kernel_id`, `key`, `address`) VALUES(49, 46, 'BR4610T117', '');
INSERT INTO `cost_center` (`id`, `kernel_id`, `key`, `address`) VALUES(50, 46, 'BR4610T118', '');
INSERT INTO `cost_center` (`id`, `kernel_id`, `key`, `address`) VALUES(61, 46, 'BR4610T158', '');
INSERT INTO `cost_center` (`id`, `kernel_id`, `key`, `address`) VALUES(62, 46, 'BR4610T210', '');
INSERT INTO `cost_center` (`id`, `kernel_id`, `key`, `address`) VALUES(63, 46, 'BR4610T212', '');
INSERT INTO `cost_center` (`id`, `kernel_id`, `key`, `address`) VALUES(64, 46, 'BR4610T213', '');

INSERT INTO `users` (`id`, `name`, `key`) VALUES(1, '', '99733330');
INSERT INTO `users` (`id`, `name`, `key`) VALUES(2, '', 'SACTABATCH');
INSERT INTO `users` (`id`, `name`, `key`) VALUES(3, '', '99027822');
INSERT INTO `users` (`id`, `name`, `key`) VALUES(4, '', '99807847');
INSERT INTO `users` (`id`, `name`, `key`) VALUES(5, '', '99759360');
INSERT INTO `users` (`id`, `name`, `key`) VALUES(6, '', '99807824');
INSERT INTO `users` (`id`, `name`, `key`) VALUES(7, '', '99701310');
INSERT INTO `users` (`id`, `name`, `key`) VALUES(8, '', '99786587');
INSERT INTO `users` (`id`, `name`, `key`) VALUES(9, '', '99762719');
INSERT INTO `users` (`id`, `name`, `key`) VALUES(10, '', '99711653');
INSERT INTO `users` (`id`, `name`, `key`) VALUES(11, '', '99763211');
INSERT INTO `users` (`id`, `name`, `key`) VALUES(12, '', '99760882');
INSERT INTO `users` (`id`, `name`, `key`) VALUES(13, '', '99806165');
INSERT INTO `users` (`id`, `name`, `key`) VALUES(14, '', '99785660');
INSERT INTO `users` (`id`, `name`, `key`) VALUES(15, '', '99740603');
INSERT INTO `users` (`id`, `name`, `key`) VALUES(16, '', '99772799');
INSERT INTO `users` (`id`, `name`, `key`) VALUES(17, '', '99053253');
INSERT INTO `users` (`id`, `name`, `key`) VALUES(18, '', '99767859');
INSERT INTO `users` (`id`, `name`, `key`) VALUES(19, '', '99702827');
INSERT INTO `users` (`id`, `name`, `key`) VALUES(20, '', '99806024');
INSERT INTO `users` (`id`, `name`, `key`) VALUES(21, '', '99802164');
INSERT INTO `users` (`id`, `name`, `key`) VALUES(22, '', '99740881');
INSERT INTO `users` (`id`, `name`, `key`) VALUES(23, '', '99786746');
INSERT INTO `users` (`id`, `name`, `key`) VALUES(24, '', '99749439');
INSERT INTO `users` (`id`, `name`, `key`) VALUES(25, '', '99817198');
INSERT INTO `users` (`id`, `name`, `key`) VALUES(26, '', '99795261');
INSERT INTO `users` (`id`, `name`, `key`) VALUES(27, '', '99000262');
INSERT INTO `users` (`id`, `name`, `key`) VALUES(28, '', '99102966');
INSERT INTO `users` (`id`, `name`, `key`) VALUES(29, '', '99765052');
INSERT INTO `users` (`id`, `name`, `key`) VALUES(30, '', '99754276');
INSERT INTO `users` (`id`, `name`, `key`) VALUES(31, '', '99725330');
INSERT INTO `users` (`id`, `name`, `key`) VALUES(32, '', '99710999');
INSERT INTO `users` (`id`, `name`, `key`) VALUES(33, '', '99706756');
INSERT INTO `users` (`id`, `name`, `key`) VALUES(34, '', '99027854');
INSERT INTO `users` (`id`, `name`, `key`) VALUES(35, '', '99776010');
INSERT INTO `users` (`id`, `name`, `key`) VALUES(36, '', '99702168');
INSERT INTO `users` (`id`, `name`, `key`) VALUES(37, '', '99782476');
INSERT INTO `users` (`id`, `name`, `key`) VALUES(38, '', '99779629');
INSERT INTO `users` (`id`, `name`, `key`) VALUES(39, '', '99814094');
INSERT INTO `users` (`id`, `name`, `key`) VALUES(40, '', '99774985');
INSERT INTO `users` (`id`, `name`, `key`) VALUES(41, '', '99788542');

INSERT INTO `materials` (`id`, `key`, `description`, `uml`) VALUES(1, '50008037', 'SODA CAUSTICA;LIQUIDO;A GRANEL', 'KG' );
INSERT INTO `materials` (`id`, `key`, `description`, `uml`) VALUES(2, '50008333', 'FLOCULANTE;WHIRLFLOC T QUEST', 'KG' );
INSERT INTO `materials` (`id`, `key`, `description`, `uml`) VALUES(3, '50141234', 'DESINFETANTE;ECOLAB/OXONIAATIVO15020L', 'KG' );
INSERT INTO `materials` (`id`, `key`, `description`, `uml`) VALUES(4, '50142720', 'DETERGENTE;AC-55;BOMBONA;ECOLAB/75781', 'KG' );
INSERT INTO `materials` (`id`, `key`, `description`, `uml`) VALUES(5, '50142722', 'DETERGENTE;ALC;TOPAX;ECOLAB/77481', 'KG' );
INSERT INTO `materials` (`id`, `key`, `description`, `uml`) VALUES(6, '50142891', 'DETERGENTE;LIQ;ECOLAB/LIKBESPECIAL68KG', 'KG' );
INSERT INTO `materials` (`id`, `key`, `description`, `uml`) VALUES(7, '50142724', 'DETERGENTE;BIG BLUE;ECOLAB/44081', 'KG' );
INSERT INTO `materials` (`id`, `key`, `description`, `uml`) VALUES(8, '50142718', 'DETERGENTE;NEUTR;NEXOBIL;ECOLAB/84581', 'KG' );
INSERT INTO `materials` (`id`, `key`, `description`, `uml`) VALUES(9, '50001608', 'TERRA INFUSORIA;HYFLO SUPER CEL', 'KG' );
INSERT INTO `materials` (`id`, `key`, `description`, `uml`) VALUES(10, '50001616', 'TERRA INFUSORIA;STANDARD SUPER CEL', 'KG' );
INSERT INTO `materials` (`id`, `key`, `description`, `uml`) VALUES(11, '50113317', 'ESTABILIZANTE;POLYCLAR 10;;POLYCLAR 10 I', 'KG' );
INSERT INTO `materials` (`id`, `key`, `description`, `uml`) VALUES(12, '50041247', 'CLORO;PASTILHA;BALDE;. KG;;ELGICID BIOC', 'KG' );
INSERT INTO `materials` (`id`, `key`, `description`, `uml`) VALUES(13, '50041491', 'CARVAO;SUPERATIVADO;RFB-SA1;', 'KG' );
INSERT INTO `materials` (`id`, `key`, `description`, `uml`) VALUES(14, '50041156', 'ELEMENTO FILTR BAG', 'UN' );
INSERT INTO `materials` (`id`, `key`, `description`, `uml`) VALUES(15, '50041298', 'ELEMENTO FILTR;POLIP;5 MIC,BRK30T050BA', 'UN' );
INSERT INTO `materials` (`id`, `key`, `description`, `uml`) VALUES(16, '50310575', 'ELEMENTO FILTR;P/AG;PP;30POL;1 MICRON', 'PC' );
INSERT INTO `materials` (`id`, `key`, `description`, `uml`) VALUES(17, '50008052', 'HIPOCLORITO CALCIO;  TEOR:65PCT;', 'KG' );
INSERT INTO `materials` (`id`, `key`, `description`, `uml`) VALUES(18, '50068490', 'FILTRO;595X595X45MM;G4;F303595X595X45MM', 'UN' );
INSERT INTO `materials` (`id`, `key`, `description`, `uml`) VALUES(19, '50113137', 'OLEO HIDR;234GRC;EMB 20L;ESSO/NUTOH6820L', 'L' );
INSERT INTO `materials` (`id`, `key`, `description`, `uml`) VALUES(20, '50142873', 'LUBRIFICANTE SEC;ECOLAB/DRYEXXEMB60KG', 'KG' );
INSERT INTO `materials` (`id`, `key`, `description`, `uml`) VALUES(21, '50113223', 'OLEO LUBR;MIN;ENX FOSF;CASTROL/ILOSP220', 'L' );
INSERT INTO `materials` (`id`, `key`, `description`, `uml`) VALUES(22, '50141217', 'ADITIVO P/LIMP GARRAF;STABILONPLUS67KG', 'KG' );
INSERT INTO `materials` (`id`, `key`, `description`, `uml`) VALUES(23, '50399886', 'LUBRIFICANTE P/ESTEIR;AM;LUBOKLARHHBB60L', 'PC' );
INSERT INTO `materials` (`id`, `key`, `description`, `uml`) VALUES(24, '50142723', 'DETERGENTE;LIQ;EMBAL 69KG;ECOLAB/48331', 'KG' );
INSERT INTO `materials` (`id`, `key`, `description`, `uml`) VALUES(25, '50142884', 'DESINFETANTE;ECOLAB/WHISPERVEMB60KG', 'KG' );
INSERT INTO `materials` (`id`, `key`, `description`, `uml`) VALUES(26, '9999','','SV' );
INSERT INTO `materials` (`id`, `key`, `description`, `uml`) VALUES(27, '50005649', 'MICROBICIDA;EST LIQ;NALCO/7330	','KG' );
INSERT INTO `materials` (`id`, `key`, `description`, `uml`) VALUES(28, '50113466', 'ADITIVO;NALCO;ACTIBROM 7342;ADITIVO;NALC	','KG' );
INSERT INTO `materials` (`id`, `key`, `description`, `uml`) VALUES(29, '50362875', 'ANTICORROSIVO/ANTI-INCRUSTANTE;BBN 28KG	','PC' );
INSERT INTO `materials` (`id`, `key`, `description`, `uml`) VALUES(30, '50142732', 'SABONETE LIQ;LIMAO;AM;ECOLAB/87570','L' );
INSERT INTO `materials` (`id`, `key`, `description`, `uml`) VALUES(31, '50142872', 'LUBRIFICANTE;ECOLAB/LUBODRIVEPSEMB60KG	','KG' );
INSERT INTO `materials` (`id`, `key`, `description`, `uml`) VALUES(32, '50268447', 'DISPERSANTE;INCOL;NALCO/73551BOMBONA25KG	','KG' );
INSERT INTO `materials` (`id`, `key`, `description`, `uml`) VALUES(33, '50140966', 'SABONETE CREMOSO;ESP;PH 6-8;ECOLAB/56870','L' );
INSERT INTO `materials` (`id`, `key`, `description`, `uml`) VALUES(34, '50113058', 'SAL;GROSS;SAC 25KG	','KG' );
INSERT INTO `materials` (`id`, `key`, `description`, `uml`) VALUES(35, '50095594', 'INIBIDOR CORROS;LIQ;NALCO/TRAC10326KG	','UN' );
INSERT INTO `materials` (`id`, `key`, `description`, `uml`) VALUES(36, '50041172', 'OLEO LUBRIF;IND;COMPRESSOR;REFRI;H68','L' );
INSERT INTO `materials` (`id`, `key`, `description`, `uml`) VALUES(37, '50041089', 'ACIDO;NITRICO;53%	','KG' );
INSERT INTO `materials` (`id`, `key`, `description`, `uml`) VALUES(38, '50041107', 'HIPOCLORITO SODIO;EST LIQ;BBN 50KG	','KG' );
INSERT INTO `materials` (`id`, `key`, `description`, `uml`) VALUES(39, '50041402', 'ELEMENTO FILTR;P/LIQ;3M/NB0005EES2C	','UN' );
INSERT INTO `materials` (`id`, `key`, `description`, `uml`) VALUES(40, '50007749', 'SULFATO DE ZINCO	','KG' );
INSERT INTO `materials` (`id`, `key`, `description`, `uml`) VALUES(41, '50400169', 'ADITIVO;LIQ;AM;ECOLAB/STABILONWT1000L	','PC' );
INSERT INTO `materials` (`id`, `key`, `description`, `uml`) VALUES(42, '50239930', 'ESTABILIZANTE ALIMENTICIO;AC TANICO;PO	','KG' );
INSERT INTO `materials` (`id`, `key`, `description`, `uml`) VALUES(43, '50008040', 'ACIDO FOSFORICO 85% BOMBONA	','KG' );
INSERT INTO `materials` (`id`, `key`, `description`, `uml`) VALUES(44, '50041507', 'ELEMENTO FILTR;POLIP;60POL	','UN' );
INSERT INTO `materials` (`id`, `key`, `description`, `uml`) VALUES(45, '50041296', 'ELEMENTO FILTR;POLIPOPILENO;SWC1M9-4G;;P	','UN' );
INSERT INTO `materials` (`id`, `key`, `description`, `uml`) VALUES(46, '50113264', 'ELEMENTO FILTR;PFFB10SSFU;;PTFE 10 COM	','UN' );
INSERT INTO `materials` (`id`, `key`, `description`, `uml`) VALUES(47, '50041514', 'CARVAO ATIVADO;;CLARIMEX CLARISORB - B	','KG' );
INSERT INTO `materials` (`id`, `key`, `description`, `uml`) VALUES(48, '50041321', 'ELEMENTO FILTR;POLIP;PARKER/SWC5M29GZ	','UN' );
INSERT INTO `materials` (`id`, `key`, `description`, `uml`) VALUES(49, '50041354', 'ELEMENTO FILTR;POLIP;1 MICRA	','UN' );
INSERT INTO `materials` (`id`, `key`, `description`, `uml`) VALUES(50, '50008042', 'SULFATO ALU	','KG' );
INSERT INTO `materials` (`id`, `key`, `description`, `uml`) VALUES(51, '50113078', 'CARBONATO SODIO;SACO 50 KG;;	','KG' );
INSERT INTO `materials` (`id`, `key`, `description`, `uml`) VALUES(52, '50422083', 'LUBRIFICANTE P/ESTEIR;LIQ;ECOLAB/66150	','PC' );
INSERT INTO `materials` (`id`, `key`, `description`, `uml`) VALUES(53, '50422079', 'LUBRIFICANTE P/ESTEIR;LIQ;ECOLAB/66181	','PC' );
INSERT INTO `materials` (`id`, `key`, `description`, `uml`) VALUES(54, '50113151', 'GRAXA;NLGI-2;P/ ALTA TEMPERATURA ATE 300	','KG' );
INSERT INTO `materials` (`id`, `key`, `description`, `uml`) VALUES(55, '50113169', 'OLEO LUBRIF INDUST;ENGRENAGEM;FECHADAS E','L' );
INSERT INTO `materials` (`id`, `key`, `description`, `uml`) VALUES(56, '50113177', 'GRAXA;DE LITIO NLGI-EP-2;P/ TEMPERATURAS','KG' );
INSERT INTO `materials` (`id`, `key`, `description`, `uml`) VALUES(57, '50113447', 'LUBRIFICANTE;LUBODRIVE PS;SINTETICO 1000','KG' );
INSERT INTO `materials` (`id`, `key`, `description`, `uml`) VALUES(58, '50068499', 'ELEMENTO FILTR P/FILTR COALESC;AU15095','UN' );
INSERT INTO `materials` (`id`, `key`, `description`, `uml`) VALUES(59, '50468440', 'GRAXA;EMB 1KG;KLUEBER/KLUBERPLEXBEM41132','PC' );
INSERT INTO `materials` (`id`, `key`, `description`, `uml`) VALUES(60, '50041092', 'ALCOOL ETIL;TEOR 96GL PH7 INDUSTRIAL','L' );
INSERT INTO `materials` (`id`, `key`, `description`, `uml`) VALUES(71, '50113081', 'POLIMERO;CH 409 CAIXA 24 KG.;;. MASTER Q','KG' );
INSERT INTO `materials` (`id`, `key`, `description`, `uml`) VALUES(72, '50113290', 'ADITIVO;SEQUESTRANTE DE OXIGENIO 19V PU','KG' );
INSERT INTO `materials` (`id`, `key`, `description`, `uml`) VALUES(73, '50113334', 'NEX GUARD;NALCO 22310;;;Tecnologia para','KG' );
INSERT INTO `materials` (`id`, `key`, `description`, `uml`) VALUES(74, '50113326', 'SERVICO;Industr GeBETZ;;','UN' );
INSERT INTO `materials` (`id`, `key`, `description`, `uml`) VALUES(75, '50067460', 'QUEROSENE;EMBAL 0,9L','L' );
INSERT INTO `materials` (`id`, `key`, `description`, `uml`) VALUES(76, '50041482', 'ANTIESPUMANTE;LIQ;BBN 10KG;AEB/BATFOAM','KG' );
INSERT INTO `materials` (`id`, `key`, `description`, `uml`) VALUES(77, '50113226', 'GRAXA;LATA 25KG;PARALIQ GTE703;;PARALIQ','KG' );
INSERT INTO `materials` (`id`, `key`, `description`, `uml`) VALUES(78, '50041338', 'ELEMENTO FILTR;POLIP;5 MICRAS','UN' );
INSERT INTO `materials` (`id`, `key`, `description`, `uml`) VALUES(79, '50426733', 'ESTABILIZANTE ALIM;PVPP;POLYCLARENDURE','KG' );
INSERT INTO `materials` (`id`, `key`, `description`, `uml`) VALUES(80, '50041422', 'CARVAO ATIV','KG' );
INSERT INTO `materials` (`id`, `key`, `description`, `uml`) VALUES(81, '50008688', 'PERMANGANATO POT;POTASSIOTECUNNO1490','KG' );
INSERT INTO `materials` (`id`, `key`, `description`, `uml`) VALUES(82, '50113291', 'ADITIVO;Trasar Multifuncional - ref 2023','KG' );
INSERT INTO `materials` (`id`, `key`, `description`, `uml`) VALUES(83, '50310865', 'ELEMENTO FILTR BAG;PES;ARO PES;180X810MM','PC' );
INSERT INTO `materials` (`id`, `key`, `description`, `uml`) VALUES(84, '50141219', 'ADITIVO P/LIMP GARRAF;STABILONWT63KG','KG' );
INSERT INTO `materials` (`id`, `key`, `description`, `uml`) VALUES(85, '50113117', 'TERRA INFUSORIA;FIBROXCEL 10;;','KG' );
INSERT INTO `materials` (`id`, `key`, `description`, `uml`) VALUES(86, '50041342', 'POLICLORETO ALU;A GRAN','KG' );
INSERT INTO `materials` (`id`, `key`, `description`, `uml`) VALUES(87, '50113076', 'SULFATO;ALUMINIO;;GRANULADO;SACO;40 KG;;','KG' );
INSERT INTO `materials` (`id`, `key`, `description`, `uml`) VALUES(88, '50337075', 'SEIXO ROLADO;SEC;3-6MM','M3' );
INSERT INTO `materials` (`id`, `key`, `description`, `uml`) VALUES(89, '50095591', 'HIDROXIDO CALCIO;FUNCAO P/TRATAMENTO AGU','UN' );
INSERT INTO `materials` (`id`, `key`, `description`, `uml`) VALUES(90, '50236939', 'CARVAO MINER;TEOR CARB 80PCT;G 0,9-1MM','PC' );
INSERT INTO `materials` (`id`, `key`, `description`, `uml`) VALUES(91, '50113413', 'OLEO;P/ALTA TEMPERATURA;INTERFLON FIN LU','L' );
INSERT INTO `materials` (`id`, `key`, `description`, `uml`) VALUES(92, '20025396', 'GRAXA;BAS OLEO SINT;TEMP -50 A 160GRC','PC' );
INSERT INTO `materials` (`id`, `key`, `description`, `uml`) VALUES(93, '50400798', 'DETERGENTE;ACID;LIQ;ECOLAB/TRIMETASBB50L','PC' );
INSERT INTO `materials` (`id`, `key`, `description`, `uml`) VALUES(94, '50068541', 'ANTIESPUMANTE;LIQ;BAS AG;NALCO/01BZL012','KG' );
INSERT INTO `materials` (`id`, `key`, `description`, `uml`) VALUES(95, '50142717', 'DETERGENTE;LIQ;AC-101;ECOLAB/52346','KG' );
INSERT INTO `materials` (`id`, `key`, `description`, `uml`) VALUES(96, '50113092', 'OLEO;PARA MONTAGENS SPRAY;.;;;PARALIQ 91','UN' );
INSERT INTO `materials` (`id`, `key`, `description`, `uml`) VALUES(97, '50113101', 'OLEO LUBRIF INDUST;ISO 320;200 L;;EGF-','L' );
INSERT INTO `materials` (`id`, `key`, `description`, `uml`) VALUES(98, '50113340', 'GRAXA;EP1;BASE SABAO DE LITIO;;GMA-1EP 2','UN' );
INSERT INTO `materials` (`id`, `key`, `description`, `uml`) VALUES(99, '50113406', 'GRAXA;DA SOPRADORA SIDEL SBO 16 12151 20','UN' );
INSERT INTO `materials` (`id`, `key`, `description`, `uml`) VALUES(100, '50072949', 'FILTRO;SIDEL/UAD562','UN' );
INSERT INTO `materials` (`id`, `key`, `description`, `uml`) VALUES(101, '50113127', 'ADITIVO;NAO IONICO EM EMULSAO;;;5025 NAL','KG' );
INSERT INTO `materials` (`id`, `key`, `description`, `uml`) VALUES(102, '50041119', 'AMONIA;CIL 80KG','KG' );
INSERT INTO `materials` (`id`, `key`, `description`, `uml`) VALUES(103, '50008051', 'ACIDO CLORIDR;33PCT','KG' );
INSERT INTO `materials` (`id`, `key`, `description`, `uml`) VALUES(104, '50008621', 'OLEO COMB;DIESEL','L' );
INSERT INTO `materials` (`id`, `key`, `description`, `uml`) VALUES(105, '50008361', 'HIPOCLORITO SODIO','KG' );
INSERT INTO `materials` (`id`, `key`, `description`, `uml`) VALUES(106, '50394866', 'MANGA;FILT;FILT MANG;BUHLER/UXS29024003','PC' );
INSERT INTO `materials` (`id`, `key`, `description`, `uml`) VALUES(107, '50002245', 'PILHA ALC;TAM AA;1,5V;EMBAL C/2 UNID','UN' );
INSERT INTO `materials` (`id`, `key`, `description`, `uml`) VALUES(108, '50002244', 'PILHA ALC;TAM AAA;1,5V;EMBAL C/2 UNID','UN' );
INSERT INTO `materials` (`id`, `key`, `description`, `uml`) VALUES(109, '50000425', 'OLEO;WATSON-MARLOW/904143','L' );
INSERT INTO `materials` (`id`, `key`, `description`, `uml`) VALUES(110, '50141235', 'DESINFETANTE;ECOLAB/OXONIAATIVO150200KG','KG' );
INSERT INTO `materials` (`id`, `key`, `description`, `uml`) VALUES(111, '50306241', 'DESINFETANTE;P/DESINFECCAO SUPERF','KG' );
INSERT INTO `materials` (`id`, `key`, `description`, `uml`) VALUES(112, '20025496', 'OLEO LUBRIF;BAS SINT;ISO VG 460;BALD 20L','PC' );
INSERT INTO `materials` (`id`, `key`, `description`, `uml`) VALUES(113, '50113275', 'ELEMENTO FILTR;SWC1M30G-SF-S;;POLIPROPIL','UN' );
INSERT INTO `materials` (`id`, `key`, `description`, `uml`) VALUES(114, '50113519', 'ELEMENTO FILTRANTE;D/ ALTA VAZAO HF60PP0','UN' );
INSERT INTO `materials` (`id`, `key`, `description`, `uml`) VALUES(115, '20025391', 'GRAXA;BAS OLEO MINER;TEMP -20 A 220GRC','PC' );
INSERT INTO `materials` (`id`, `key`, `description`, `uml`) VALUES(116, '50142871', 'LUBRIFICANTE;ECOLAB/LUBOKLARHHBR62KG','KG' );
INSERT INTO `materials` (`id`, `key`, `description`, `uml`) VALUES(117, '50141218', 'ADITIVO P/LIMP GARRAF;STABILONPLUS1100KG','KG' );
INSERT INTO `materials` (`id`, `key`, `description`, `uml`) VALUES(118, '50422078', 'LUBRIFICANTE P/ESTEIR;LIQ;ECOLAB/66110','PC' );
INSERT INTO `materials` (`id`, `key`, `description`, `uml`) VALUES(119, '20016827', 'PASTA LUBRIF;BEGE;LAT 800G;HKW/ECG60800G','PC' );
INSERT INTO `materials` (`id`, `key`, `description`, `uml`) VALUES(120, '50113090', 'S_OLEO;ANTI-CORROSIVO;250 G;;1801 THREEB','UN' );
INSERT INTO `materials` (`id`, `key`, `description`, `uml`) VALUES(121, '50113433', 'GRAXA;KLUBERSYNTH UH1 64-1302 EMBALAGEM','KG' );
INSERT INTO `materials` (`id`, `key`, `description`, `uml`) VALUES(122, '50141347', 'LUBRIFICANTE;ECOLAB/LUBODRIVEPSEMB200KG','KG' );
INSERT INTO `materials` (`id`, `key`, `description`, `uml`) VALUES(123, '50325586', 'DETERGENTE;LIQ;AM;ECOLAB/TRIMETADUO200L','KG' );
INSERT INTO `materials` (`id`, `key`, `description`, `uml`) VALUES(124, '50241796', 'LUBRIFICANTE;HEUFT/HPB200336ST','KG' );
INSERT INTO `materials` (`id`, `key`, `description`, `uml`) VALUES(125, '50363692', 'LUBRIFICANTE SEC;HHSDRYLUBESPRAY400ML','PC' );
INSERT INTO `materials` (`id`, `key`, `description`, `uml`) VALUES(126, '50307112', 'INIBIDOR CORROS;LIQ;AM;PH 11,5-12,5','KG' );
INSERT INTO `materials` (`id`, `key`, `description`, `uml`) VALUES(127, '50307114', 'INIBIDOR INCRUST;LIQ;AMB;PH 4,3-6,3','KG' );
INSERT INTO `materials` (`id`, `key`, `description`, `uml`) VALUES(128, '50041165', 'FLOCULANTE;;FLOGARD MS6209;BETZDEARBORN;','KG' );
INSERT INTO `materials` (`id`, `key`, `description`, `uml`) VALUES(129, '50141348', 'LUBRIFICANTE SEC;ECOLAB/DRYEXXEMB200KG','KG' );
INSERT INTO `materials` (`id`, `key`, `description`, `uml`) VALUES(130, '50127752', 'VASELINA;SOLIDO;FRASCO 1KG;;4001745 PEND','UN' );
INSERT INTO `materials` (`id`, `key`, `description`, `uml`) VALUES(131, '50224590', 'FILTRO;KAESER/7451900010','UN' );
INSERT INTO `materials` (`id`, `key`, `description`, `uml`) VALUES(132, '50307318', 'ADITIVO P/AG;ISOTIAZOLONAS;BBN 50KG','KG' );
INSERT INTO `materials` (`id`, `key`, `description`, `uml`) VALUES(133, '50439738', 'BIOMASSA;EUCALIP;25TON','TO' );
INSERT INTO `materials` (`id`, `key`, `description`, `uml`) VALUES(134, '50008034', 'SEQUESTRANTE O2;;ADITIVO;CORTROL IS-1075','KG' );
INSERT INTO `materials` (`id`, `key`, `description`, `uml`) VALUES(135, '50041164', 'ADITIVO;BETZDEARBORN PQ-682;;;;','KG' );
INSERT INTO `materials` (`id`, `key`, `description`, `uml`) VALUES(136, '50453306', 'INIBIDOR;LIQ;INC;SUEZ/STEAMATENA1321L','KG' );


INSERT INTO `products` (`id`, `key`, `name`) VALUES (1,'38870', 'BARE GUARANA PET 2L CAIXA C/6');
INSERT INTO `products` (`id`, `key`, `name`) VALUES (2,'37849', 'PEPSI COLA PET 2L CAIXA C/6');
INSERT INTO `products` (`id`, `key`, `name`) VALUES (3,'51512', 'PEPSI COLA RET REPET 2L SHRINK C/6 NPAL');
INSERT INTO `products` (`id`, `key`, `name`) VALUES (4,'38866', 'GUARANA CHP ANTARCTICA PET 2L CAIXA C/6');
INSERT INTO `products` (`id`, `key`, `name`) VALUES (5,'38693', 'SUKITA PET 2L CAIXA C/6');
INSERT INTO `products` (`id`, `key`, `name`) VALUES (6,'38853', 'GUARANA CHP ANTARCTICA PET1L CX C/6 NRIO');
INSERT INTO `products` (`id`, `key`, `name`) VALUES (7,'62237', 'BARE GUARANA PET 1L CAIXA C/6');
INSERT INTO `products` (`id`, `key`, `name`) VALUES (8,'51231', 'GUARANA ANT RET REPET 2L SHRINK C/6 NPAL');
INSERT INTO `products` (`id`, `key`, `name`) VALUES (9,'38868', 'GUARANA CHP ANTARCTICA DIET PET 2L CXC/6');
INSERT INTO `products` (`id`, `key`, `name`) VALUES (10,'38867', 'SODA LIMONADA ANTARCTICA PET 2L CX C/6');
INSERT INTO `products` (`id`, `key`, `name`) VALUES (11,'38687', 'SUKITA PET 1L CAIXA C/6');
INSERT INTO `products` (`id`, `key`, `name`) VALUES (12,'38833', 'ANTARCTICA SUBZERO LT 350ML SH C/12 NPAL');
INSERT INTO `products` (`id`, `key`, `name`) VALUES (13,'38790', 'SKOL LT 269ML SH C/15 NPAL');
INSERT INTO `products` (`id`, `key`, `name`) VALUES (14,'38810', 'BRAHMA CHOPP LT 269ML SH C/15 NPAL');
INSERT INTO `products` (`id`, `key`, `name`) VALUES (15,'39022', 'ANTARCTICA PILSEN LT269ML SH TR C/15NPAL');
INSERT INTO `products` (`id`, `key`, `name`) VALUES (16,'39119', 'BARE GUARANA LATA 350ML CAIXA C/12 NPAL');
INSERT INTO `products` (`id`, `key`, `name`) VALUES (17,'39054', 'GUARANA CHP ANTART DT LT350ML SH LI C/12');
INSERT INTO `products` (`id`, `key`, `name`) VALUES (18,'39011', 'PEPSI COLA LATA 350ML SH C/12 NPAL');
INSERT INTO `products` (`id`, `key`, `name`) VALUES (19,'39056', 'SUKITA LATA 350ML SHRINK LISO C/12 NPAL');
INSERT INTO `products` (`id`, `key`, `name`) VALUES (20,'39055', 'SODA LIMONADA ANTART LT350ML SH LI C/12');
INSERT INTO `products` (`id`, `key`, `name`) VALUES (21,'39057', 'TONICA ANTARCTICA LATA 350ML SH LI C/12');
INSERT INTO `products` (`id`, `key`, `name`) VALUES (22,'39052', 'GUARANA CHP ANTART LT 350ML SH LI C/12 N');
INSERT INTO `products` (`id`, `key`, `name`) VALUES (23,'39053', 'ANTARCTICA PILSEN LT350ML SH LI C/12 NPA');
INSERT INTO `products` (`id`, `key`, `name`) VALUES (24,'51310', 'PEPSI COLA LATA 269ML SH C/15');
INSERT INTO `products` (`id`, `key`, `name`) VALUES (25,'38992', 'SKOL LATA 350ML SH C/12 NPAL');
INSERT INTO `products` (`id`, `key`, `name`) VALUES (26,'70311', 'SKOL PURO MALTE LT 269ML SH C/15');
INSERT INTO `products` (`id`, `key`, `name`) VALUES (27,'38993', 'BRAHMA CHOPP LATA 350ML SH C/12 NPAL');
INSERT INTO `products` (`id`, `key`, `name`) VALUES (28,'70310', 'SKOL PURO MALTE LATA 350ML SH C/12 NPAL');
INSERT INTO `products` (`id`, `key`, `name`) VALUES (29,'38703', 'CHOPP BRAHMA CLARO BARRIL KEG 50L');
INSERT INTO `products` (`id`, `key`, `name`) VALUES (30,'38699', 'CHOPP BRAHMA CLARO BARRIL KEG 30L');
INSERT INTO `products` (`id`, `key`, `name`) VALUES (31,'38752', 'SKOL GFA VD 1L 2,99');
INSERT INTO `products` (`id`, `key`, `name`) VALUES (32,'38788', 'ANTARCTICA PILSEN GFA VD 1L C/TTC');
INSERT INTO `products` (`id`, `key`, `name`) VALUES (33,'38777', 'BRAHMA CHOPP GFA VD 1L COM TTC');
INSERT INTO `products` (`id`, `key`, `name`) VALUES (34,'38879', 'ANTARCTICA PILSEN 600ML');
INSERT INTO `products` (`id`, `key`, `name`) VALUES (35,'38713', 'SKOL 600ML');
INSERT INTO `products` (`id`, `key`, `name`) VALUES (36,'38964', 'ORIGINAL ONE WAY 600ML CX 12');
INSERT INTO `products` (`id`, `key`, `name`) VALUES (37,'38883', 'ORIGINAL 600ML');
INSERT INTO `products` (`id`, `key`, `name`) VALUES (38,'38776', 'SKOL ONE WAY 1L CAIX A PAPELAO C/12');
INSERT INTO `products` (`id`, `key`, `name`) VALUES (39,'38715', 'BRAHMA CHOPP 600ML');
INSERT INTO `products` (`id`, `key`, `name`) VALUES (40,'70256', 'SKOL PURO MALTE GFA VD 1L');
INSERT INTO `products` (`id`, `key`, `name`) VALUES (41,'70255', 'SKOL PURO MALTE 600ML');















































































































































